﻿<?xml version="1.0" encoding="utf-8"?>
<HelpKI>
  <HelpKINode Title="Accommodations property" Url="html/03e04eae-287b-baa8-fa4a-ed454f2c9209.htm" />
  <HelpKINode Title="AccommodationWindow class">
    <HelpKINode Title="AccommodationWindow Class" Url="html/f51b6ff8-3d00-87db-deb5-92854fb5db3c.htm" />
    <HelpKINode Title="AccommodationWindow Members" Url="html/2ead89f8-e4b1-436a-45ce-096a579f7464.htm" />
    <HelpKINode Title="about AccommodationWindow class" Url="html/f51b6ff8-3d00-87db-deb5-92854fb5db3c.htm" />
    <HelpKINode Title="all members" Url="html/2ead89f8-e4b1-436a-45ce-096a579f7464.htm" />
    <HelpKINode Title="constructor" Url="html/9510da3f-84c5-cd14-f15d-bc9f875b39dd.htm" />
    <HelpKINode Title="events" Url="html/02d61d29-a29f-8eda-6d78-d168c9efe6eb.htm" />
    <HelpKINode Title="methods" Url="html/cec3515c-f5dc-b1f3-4683-263b7a54b624.htm" />
    <HelpKINode Title="properties" Url="html/ed90dbec-d918-2f47-03c0-d22fc119f33b.htm" />
  </HelpKINode>
  <HelpKINode Title="AccommodationWindow.AccommodationWindow constructor" Url="html/9510da3f-84c5-cd14-f15d-bc9f875b39dd.htm" />
  <HelpKINode Title="AccommodationWindow.InitializeComponent method" Url="html/83fb673c-185b-e85f-dae8-4bf72fad7a75.htm" />
  <HelpKINode Title="AddAccommodation method" Url="html/7fae0b7c-08af-7a1e-9404-7f5dfde7eb92.htm" />
  <HelpKINode Title="AddApartment method" Url="html/5b720f78-8481-6c21-d7ed-9a7220545010.htm" />
  <HelpKINode Title="AddDocument method" Url="html/2945ebb2-80c5-1d10-8c59-64ca5eb87a7c.htm" />
  <HelpKINode Title="AddGarage method" Url="html/e15abd46-4d03-fb6a-3e35-9b84d92f6685.htm" />
  <HelpKINode Title="AddMember method">
    <HelpKINode Title="Building.AddMember Method " Url="html/f95637d2-cf05-bf33-c835-3c0deb68a7ad.htm" />
    <HelpKINode Title="IMember.AddMember Method " Url="html/aeb07939-dcfd-dc48-2401-d3d108ae8b4e.htm" />
    <HelpKINode Title="InhabitantList.AddMember Method " Url="html/36ab4828-6b9b-4870-e85b-5e75bc9c5cbc.htm" />
  </HelpKINode>
  <HelpKINode Title="AddNewAccommodationWindow class">
    <HelpKINode Title="AddNewAccommodationWindow Class" Url="html/88e6ef69-80d3-259a-4abc-125ecc7fd63f.htm" />
    <HelpKINode Title="AddNewAccommodationWindow Members" Url="html/a806776e-0997-305f-4633-4577552a772e.htm" />
    <HelpKINode Title="about AddNewAccommodationWindow class" Url="html/88e6ef69-80d3-259a-4abc-125ecc7fd63f.htm" />
    <HelpKINode Title="all members" Url="html/a806776e-0997-305f-4633-4577552a772e.htm" />
    <HelpKINode Title="constructor" Url="html/518cd992-a641-253c-cccd-ba78eede838f.htm" />
    <HelpKINode Title="events" Url="html/8ac2c3f9-2f49-5d9b-bc5b-ab12f353d10a.htm" />
    <HelpKINode Title="methods" Url="html/be033c2c-dd9c-dd3d-9495-e9c9b0c998fb.htm" />
    <HelpKINode Title="properties" Url="html/851cf94c-c194-cf2f-ffed-7d8fc93ca9b2.htm" />
  </HelpKINode>
  <HelpKINode Title="AddNewAccommodationWindow.AddNewAccommodationWindow constructor" Url="html/518cd992-a641-253c-cccd-ba78eede838f.htm" />
  <HelpKINode Title="AddNewAccommodationWindow.InitializeComponent method" Url="html/342e3513-e285-f611-e0c4-1043152db5ec.htm" />
  <HelpKINode Title="AddNewApartmentWindow class">
    <HelpKINode Title="AddNewApartmentWindow Class" Url="html/9869ecfe-7a0b-a140-654b-34eedc1abcaf.htm" />
    <HelpKINode Title="AddNewApartmentWindow Members" Url="html/3e6bd788-2801-1be6-e295-16f38807668d.htm" />
    <HelpKINode Title="about AddNewApartmentWindow class" Url="html/9869ecfe-7a0b-a140-654b-34eedc1abcaf.htm" />
    <HelpKINode Title="all members" Url="html/3e6bd788-2801-1be6-e295-16f38807668d.htm" />
    <HelpKINode Title="constructor" Url="html/75ad92a2-06e2-cdb9-046f-c347a1e19444.htm" />
    <HelpKINode Title="events" Url="html/e02e0fca-743c-21c8-b292-b9c1340b1b21.htm" />
    <HelpKINode Title="methods" Url="html/cb870956-f399-7627-ea13-59ce78de21e4.htm" />
    <HelpKINode Title="properties" Url="html/2f38bee3-662e-b650-0281-db1be56e3119.htm" />
  </HelpKINode>
  <HelpKINode Title="AddNewApartmentWindow.AddNewApartmentWindow constructor" Url="html/75ad92a2-06e2-cdb9-046f-c347a1e19444.htm" />
  <HelpKINode Title="AddNewApartmentWindow.InitializeComponent method" Url="html/febb3969-3473-97e2-db6b-c8011237b064.htm" />
  <HelpKINode Title="AddNewGarageWindow class">
    <HelpKINode Title="AddNewGarageWindow Class" Url="html/93e1ca3f-d343-a278-5cde-8e4a3a855e3d.htm" />
    <HelpKINode Title="AddNewGarageWindow Members" Url="html/4d02d691-04dd-76cc-1fe1-eb79ba3878e8.htm" />
    <HelpKINode Title="about AddNewGarageWindow class" Url="html/93e1ca3f-d343-a278-5cde-8e4a3a855e3d.htm" />
    <HelpKINode Title="all members" Url="html/4d02d691-04dd-76cc-1fe1-eb79ba3878e8.htm" />
    <HelpKINode Title="constructor" Url="html/5e660d5b-9581-1346-59b5-43729ed0b088.htm" />
    <HelpKINode Title="events" Url="html/01381296-a074-74c1-ad66-c40803a4ff49.htm" />
    <HelpKINode Title="methods" Url="html/5d006f66-50b4-785b-961e-af0d7059b6b6.htm" />
    <HelpKINode Title="properties" Url="html/2a6f2272-f240-d2ac-cefe-a5e950f10478.htm" />
  </HelpKINode>
  <HelpKINode Title="AddNewGarageWindow.AddNewGarageWindow constructor" Url="html/5e660d5b-9581-1346-59b5-43729ed0b088.htm" />
  <HelpKINode Title="AddNewGarageWindow.InitializeComponent method" Url="html/832d35a2-6f70-214a-0ee0-614090e10f1c.htm" />
  <HelpKINode Title="AddNewInhabitantWindow class">
    <HelpKINode Title="AddNewInhabitantWindow Class" Url="html/bb6f396b-52e7-5d9b-ebe7-61456cd1f38f.htm" />
    <HelpKINode Title="AddNewInhabitantWindow Members" Url="html/0bd672af-3750-c402-8600-c66320b26e00.htm" />
    <HelpKINode Title="about AddNewInhabitantWindow class" Url="html/bb6f396b-52e7-5d9b-ebe7-61456cd1f38f.htm" />
    <HelpKINode Title="all members" Url="html/0bd672af-3750-c402-8600-c66320b26e00.htm" />
    <HelpKINode Title="constructor" Url="html/495665ac-9ac1-e017-0d15-05520c2c4f95.htm" />
    <HelpKINode Title="events" Url="html/c1500b13-2eda-5176-1d83-cad17e573308.htm" />
    <HelpKINode Title="methods" Url="html/532ebc25-1bd1-723a-53e5-a161a8c8f012.htm" />
    <HelpKINode Title="properties" Url="html/98da9528-017e-0a78-9e62-610d37145cfc.htm" />
  </HelpKINode>
  <HelpKINode Title="AddNewInhabitantWindow.AddNewInhabitantWindow constructor" Url="html/495665ac-9ac1-e017-0d15-05520c2c4f95.htm" />
  <HelpKINode Title="AddNewInhabitantWindow.InitializeComponent method" Url="html/9ea95d64-2c42-ced6-a754-974ce5729f5f.htm" />
  <HelpKINode Title="Address property" Url="html/52fe71f6-c441-2a5e-1c10-e6ff9d7a67f0.htm" />
  <HelpKINode Title="AdministrativeBoard class">
    <HelpKINode Title="AdministrativeBoard Class" Url="html/bb77c7d5-1771-5981-6d82-e3803ae2ef30.htm" />
    <HelpKINode Title="AdministrativeBoard Members" Url="html/1eb0172c-5701-a67b-14f8-142dcc496985.htm" />
    <HelpKINode Title="about AdministrativeBoard class" Url="html/bb77c7d5-1771-5981-6d82-e3803ae2ef30.htm" />
    <HelpKINode Title="all members" Url="html/1eb0172c-5701-a67b-14f8-142dcc496985.htm" />
    <HelpKINode Title="constructor" Url="html/e873dd2d-22ad-9c8f-bd2a-9959e8bff38c.htm" />
    <HelpKINode Title="methods" Url="html/fdf33646-457a-9a20-32e7-a4dbe0aa9875.htm" />
    <HelpKINode Title="properties" Url="html/4ecbb3bc-0815-4921-05c4-a838793b79a7.htm" />
  </HelpKINode>
  <HelpKINode Title="AdministrativeBoard.AdministrativeBoard constructor" Url="html/e873dd2d-22ad-9c8f-bd2a-9959e8bff38c.htm" />
  <HelpKINode Title="Apartments property" Url="html/c287dc2f-61ce-dcb7-44fe-76450b0fc873.htm" />
  <HelpKINode Title="ApartmentWindow class">
    <HelpKINode Title="ApartmentWindow Class" Url="html/21ea4ca5-da59-1e42-ca9b-02a6d8ac1d50.htm" />
    <HelpKINode Title="ApartmentWindow Members" Url="html/6b98d7bd-820f-8fb6-4300-3c64a52b11e0.htm" />
    <HelpKINode Title="about ApartmentWindow class" Url="html/21ea4ca5-da59-1e42-ca9b-02a6d8ac1d50.htm" />
    <HelpKINode Title="all members" Url="html/6b98d7bd-820f-8fb6-4300-3c64a52b11e0.htm" />
    <HelpKINode Title="constructor" Url="html/da13d67a-a0e9-5821-b5d1-b2cb02bb2820.htm" />
    <HelpKINode Title="events" Url="html/39755846-89bf-c9ac-337a-75435732516f.htm" />
    <HelpKINode Title="methods" Url="html/22e1d8de-ad71-c406-48fa-61b05ccc33df.htm" />
    <HelpKINode Title="properties" Url="html/44313a74-285b-8ccf-c77f-b6badd343819.htm" />
  </HelpKINode>
  <HelpKINode Title="ApartmentWindow.ApartmentWindow constructor" Url="html/da13d67a-a0e9-5821-b5d1-b2cb02bb2820.htm" />
  <HelpKINode Title="ApartmentWindow.InitializeComponent method" Url="html/2d8272b4-f01f-ea9b-b50f-e6c3fdbbd7fb.htm" />
  <HelpKINode Title="App class">
    <HelpKINode Title="App Class" Url="html/43c8be2c-b635-c2dd-08b3-a77471c8b6c4.htm" />
    <HelpKINode Title="App Members" Url="html/1eb54323-b6e3-0892-1aa1-cba29ae184d5.htm" />
    <HelpKINode Title="about App class" Url="html/43c8be2c-b635-c2dd-08b3-a77471c8b6c4.htm" />
    <HelpKINode Title="all members" Url="html/1eb54323-b6e3-0892-1aa1-cba29ae184d5.htm" />
    <HelpKINode Title="constructor" Url="html/77a84984-9763-e38a-cf8c-0328937464f8.htm" />
    <HelpKINode Title="events" Url="html/94b28bdd-5591-538d-9d10-85da4cd4961e.htm" />
    <HelpKINode Title="methods" Url="html/986d272a-9f24-18ac-fbf7-ee9930925e49.htm" />
    <HelpKINode Title="properties" Url="html/5b10d5bd-5ce2-7e57-effd-573d53471fc7.htm" />
  </HelpKINode>
  <HelpKINode Title="App.App constructor" Url="html/77a84984-9763-e38a-cf8c-0328937464f8.htm" />
  <HelpKINode Title="App.InitializeComponent method" Url="html/a2c6a9e3-51c1-5c7a-5954-978f72957959.htm" />
  <HelpKINode Title="App.Main method" Url="html/86ea1ad4-f4f8-ad64-50f6-e4cec78a6103.htm" />
  <HelpKINode Title="Board property" Url="html/ef06c881-c953-5a85-131b-cca5bc74e355.htm" />
  <HelpKINode Title="Building class">
    <HelpKINode Title="Building Class" Url="html/e02f17c2-ab18-ec56-2b64-a3df52b4b370.htm" />
    <HelpKINode Title="Building Members" Url="html/78b098d9-becf-65b8-3a03-c14a1bafe9aa.htm" />
    <HelpKINode Title="about Building class" Url="html/e02f17c2-ab18-ec56-2b64-a3df52b4b370.htm" />
    <HelpKINode Title="all members" Url="html/78b098d9-becf-65b8-3a03-c14a1bafe9aa.htm" />
    <HelpKINode Title="constructor" Url="html/1b59299e-119c-4db4-e723-f51299fc84a8.htm" />
    <HelpKINode Title="methods" Url="html/1242a8e4-1ddd-a71e-fe7c-3f1ff93e555c.htm" />
    <HelpKINode Title="properties" Url="html/db22ce19-2f38-4514-57c9-ef1bc5636ac5.htm" />
  </HelpKINode>
  <HelpKINode Title="Building.Accommodations property" Url="html/03e04eae-287b-baa8-fa4a-ed454f2c9209.htm" />
  <HelpKINode Title="Building.AddAccommodation method" Url="html/7fae0b7c-08af-7a1e-9404-7f5dfde7eb92.htm" />
  <HelpKINode Title="Building.AddApartment method" Url="html/5b720f78-8481-6c21-d7ed-9a7220545010.htm" />
  <HelpKINode Title="Building.AddGarage method" Url="html/e15abd46-4d03-fb6a-3e35-9b84d92f6685.htm" />
  <HelpKINode Title="Building.AddMember method" Url="html/f95637d2-cf05-bf33-c835-3c0deb68a7ad.htm" />
  <HelpKINode Title="Building.Apartments property" Url="html/c287dc2f-61ce-dcb7-44fe-76450b0fc873.htm" />
  <HelpKINode Title="Building.Building constructor" Url="html/1b59299e-119c-4db4-e723-f51299fc84a8.htm" />
  <HelpKINode Title="Building.Garages property" Url="html/e744d82a-b1b3-6f02-d5e6-3b4c60ac52ba.htm" />
  <HelpKINode Title="Building.GetAccommodations method" Url="html/0bf522c8-d674-06a7-ac24-23fe67d3c04e.htm" />
  <HelpKINode Title="Building.GetApartments method" Url="html/26c88037-3086-f43b-85d6-b20ef86139ed.htm" />
  <HelpKINode Title="Building.GetGarages method" Url="html/26ecb2d9-1b8f-52a5-1098-77ca2fecd9d6.htm" />
  <HelpKINode Title="Building.Inhabitants property" Url="html/fcebcf40-0a19-2b20-14b1-90724c7cf3ac.htm" />
  <HelpKINode Title="Building.Material property" Url="html/93fd7a5c-9cbd-ffe1-eb15-599afaf65480.htm" />
  <HelpKINode Title="Building.ToString method" Url="html/e006d722-de40-ef41-3d08-cccb94ee0e78.htm" />
  <HelpKINode Title="Building.YearOfBuilt property" Url="html/87d05300-6a78-31c4-f112-ae4862a42aca.htm" />
  <HelpKINode Title="Cashier class">
    <HelpKINode Title="Cashier Class" Url="html/576c8819-7589-05d0-d82c-696ff6c6d932.htm" />
    <HelpKINode Title="Cashier Members" Url="html/ba38e816-637e-e2ef-0824-06d49f0c505f.htm" />
    <HelpKINode Title="about Cashier class" Url="html/576c8819-7589-05d0-d82c-696ff6c6d932.htm" />
    <HelpKINode Title="all members" Url="html/ba38e816-637e-e2ef-0824-06d49f0c505f.htm" />
    <HelpKINode Title="constructor" Url="html/7e99dc1a-a841-4727-0e3b-b6848dd673cd.htm" />
    <HelpKINode Title="methods" Url="html/0106bcee-7e4e-ffbf-cc83-5e373d12cdd5.htm" />
    <HelpKINode Title="properties" Url="html/74824c1a-a0ff-4ffa-5cf4-a91759e78a1c.htm" />
  </HelpKINode>
  <HelpKINode Title="Cashier.Cashier constructor" Url="html/7e99dc1a-a841-4727-0e3b-b6848dd673cd.htm" />
  <HelpKINode Title="Cashier.DateOfElection property" Url="html/fca7e808-8be9-b81e-c9d0-aec26f914a63.htm" />
  <HelpKINode Title="Cashier.ToString method" Url="html/7947ce47-084b-3493-b056-591f8de27a20.htm" />
  <HelpKINode Title="CashierSelectWindow class">
    <HelpKINode Title="CashierSelectWindow Class" Url="html/dc3065ff-2841-4a70-273e-40b71318c312.htm" />
    <HelpKINode Title="CashierSelectWindow Members" Url="html/462ed30c-18c3-836d-a888-68ae5cc0a56a.htm" />
    <HelpKINode Title="about CashierSelectWindow class" Url="html/dc3065ff-2841-4a70-273e-40b71318c312.htm" />
    <HelpKINode Title="all members" Url="html/462ed30c-18c3-836d-a888-68ae5cc0a56a.htm" />
    <HelpKINode Title="constructor" Url="html/608c57f0-1818-d842-1b95-571516672c81.htm" />
    <HelpKINode Title="events" Url="html/1d0dfea3-a75b-5465-d5c3-de44ce40fbed.htm" />
    <HelpKINode Title="methods" Url="html/32fcf832-c2e3-fce6-2f70-93a98bc0cf6a.htm" />
    <HelpKINode Title="properties" Url="html/0ae2ab36-c195-a228-6513-3a4d980b753d.htm" />
  </HelpKINode>
  <HelpKINode Title="CashierSelectWindow.CashierSelectWindow constructor" Url="html/608c57f0-1818-d842-1b95-571516672c81.htm" />
  <HelpKINode Title="CashierSelectWindow.InitializeComponent method" Url="html/9b5ac16a-8c7f-cb0a-6f4b-cab7d621f864.htm" />
  <HelpKINode Title="CommissionsParticipantsWindow class">
    <HelpKINode Title="CommissionsParticipantsWindow Class" Url="html/e755b7b6-81cd-295b-1b89-ff55e0ee6f9d.htm" />
    <HelpKINode Title="CommissionsParticipantsWindow Members" Url="html/000e54cc-5479-5212-8f27-f2b82a952dcd.htm" />
    <HelpKINode Title="about CommissionsParticipantsWindow class" Url="html/e755b7b6-81cd-295b-1b89-ff55e0ee6f9d.htm" />
    <HelpKINode Title="all members" Url="html/000e54cc-5479-5212-8f27-f2b82a952dcd.htm" />
    <HelpKINode Title="constructor" Url="html/4cec9953-4646-248f-3aa4-0f6aca2379ee.htm" />
    <HelpKINode Title="events" Url="html/6072a4cf-5879-aea8-4efd-db4b873b584f.htm" />
    <HelpKINode Title="methods" Url="html/870a3bb5-fa97-9d3d-73cc-f7ae557377dc.htm" />
    <HelpKINode Title="properties" Url="html/63010321-ec66-bfcb-3ece-0ad84391fe74.htm" />
  </HelpKINode>
  <HelpKINode Title="CommissionsParticipantsWindow.CommissionsParticipantsWindow constructor" Url="html/4cec9953-4646-248f-3aa4-0f6aca2379ee.htm" />
  <HelpKINode Title="CommissionsParticipantsWindow.InitializeComponent method" Url="html/1ce73301-5954-b919-6ffb-2a7ba9d4fbd2.htm" />
  <HelpKINode Title="Commonhold class">
    <HelpKINode Title="Commonhold Class" Url="html/898282c0-baef-d116-4cfb-b5753425f94f.htm" />
    <HelpKINode Title="Commonhold Members" Url="html/f096a078-f7fa-b0be-a33a-7b3498fa2e84.htm" />
    <HelpKINode Title="about Commonhold class" Url="html/898282c0-baef-d116-4cfb-b5753425f94f.htm" />
    <HelpKINode Title="all members" Url="html/f096a078-f7fa-b0be-a33a-7b3498fa2e84.htm" />
    <HelpKINode Title="methods" Url="html/831aa8e1-5140-ebb7-8dcf-df3a9825b82f.htm" />
    <HelpKINode Title="properties" Url="html/55c8b93d-3c3a-445f-cdaf-4505c1dd8c27.htm" />
  </HelpKINode>
  <HelpKINode Title="Commonhold.Address property" Url="html/52fe71f6-c441-2a5e-1c10-e6ff9d7a67f0.htm" />
  <HelpKINode Title="Commonhold.Board property" Url="html/ef06c881-c953-5a85-131b-cca5bc74e355.htm" />
  <HelpKINode Title="Commonhold.CommonholdDocArchive property" Url="html/795e6c97-5a46-d1e8-2215-67d3c9dd265e.htm" />
  <HelpKINode Title="Commonhold.CommonholdObjects property" Url="html/ba27417b-9c73-2c27-6335-82ee9e0b19d4.htm" />
  <HelpKINode Title="Commonhold.GetAdministrativeBoard method" Url="html/d8bf9b9c-a412-7fa6-0176-b6979b7dc59c.htm" />
  <HelpKINode Title="Commonhold.GetCashier method" Url="html/49d0c32f-8997-2299-a6f2-08b015628c27.htm" />
  <HelpKINode Title="Commonhold.GetCommonholdObjects method" Url="html/01539ef4-3c68-94d3-4847-2d7a60545771.htm" />
  <HelpKINode Title="Commonhold.GetHouseKeeper method" Url="html/4a715258-dcf1-fa15-3766-eb06707a5d36.htm" />
  <HelpKINode Title="Commonhold.GetInhabitants method" Url="html/981f9905-12ed-c67d-8be2-6eb43bbf565d.htm" />
  <HelpKINode Title="Commonhold.GetInhabitantsArchive method" Url="html/59acddf2-3add-7b3a-87c6-319ad20bcdc0.htm" />
  <HelpKINode Title="Commonhold.GetSupervisors method" Url="html/3d914c07-1127-9488-95e2-5b4d82d7c515.htm" />
  <HelpKINode Title="Commonhold.Inhabitants property" Url="html/42afaa78-8e3c-b361-8f0e-868c92d6783f.htm" />
  <HelpKINode Title="Commonhold.InhabitantsArchive property" Url="html/6f802d18-a9c8-2dfd-b120-5ab224eb50ae.htm" />
  <HelpKINode Title="Commonhold.Keeper property" Url="html/d4d58ce1-c834-7b4f-c658-af30c705c334.htm" />
  <HelpKINode Title="Commonhold.MyCashier property" Url="html/e012780e-65f5-11c8-64ed-4bb1743c7a7f.htm" />
  <HelpKINode Title="Commonhold.MyCommonhold property" Url="html/1574187d-1907-a4d2-7d2d-318303d28adb.htm" />
  <HelpKINode Title="Commonhold.Supervisor property" Url="html/ff97b102-66da-08c1-e49a-2ca52bacedb6.htm" />
  <HelpKINode Title="CommonholdDocArchive property" Url="html/795e6c97-5a46-d1e8-2215-67d3c9dd265e.htm" />
  <HelpKINode Title="CommonholdObjects property" Url="html/ba27417b-9c73-2c27-6335-82ee9e0b19d4.htm" />
  <HelpKINode Title="Content property">
    <HelpKINode Title="Document.Content Property " Url="html/ec879924-76cf-04b6-09ec-a16e23f308a4.htm" />
    <HelpKINode Title="TextDocument.Content Property " Url="html/cd1be01c-111e-727e-c8ae-27a8b368941f.htm" />
  </HelpKINode>
  <HelpKINode Title="CreationDate property" Url="html/17708870-4beb-d239-0959-c91c656a3631.htm" />
  <HelpKINode Title="DateOfElection property">
    <HelpKINode Title="Cashier.DateOfElection Property " Url="html/fca7e808-8be9-b81e-c9d0-aec26f914a63.htm" />
    <HelpKINode Title="HouseKeeper.DateOfElection Property " Url="html/74f1cd62-0c55-d324-f8cd-3bd686f47bac.htm" />
    <HelpKINode Title="IElection.DateOfElection Property " Url="html/d2993c3b-f1cc-a4c0-47ba-75c7c0600462.htm" />
    <HelpKINode Title="InhabitantList.DateOfElection Property " Url="html/4cb6b1d5-8454-05e0-fd57-d404cb47b74f.htm" />
  </HelpKINode>
  <HelpKINode Title="DeepCopyUIElement method" Url="html/39936cfd-2125-d5ac-0b89-2aa67fac3fcf.htm" />
  <HelpKINode Title="DeserializeInhabitants method" Url="html/4b804296-421f-a649-c683-ea1b177728c0.htm" />
  <HelpKINode Title="DocArchive class">
    <HelpKINode Title="DocArchive Class" Url="html/d771348b-01e7-0170-b36c-47ca8276d186.htm" />
    <HelpKINode Title="DocArchive Members" Url="html/e2f88994-6951-92ed-0bdb-5f49c66b0918.htm" />
    <HelpKINode Title="about DocArchive class" Url="html/d771348b-01e7-0170-b36c-47ca8276d186.htm" />
    <HelpKINode Title="all members" Url="html/e2f88994-6951-92ed-0bdb-5f49c66b0918.htm" />
    <HelpKINode Title="methods" Url="html/47361a75-816b-b776-b2fd-43a524ad1d36.htm" />
    <HelpKINode Title="properties" Url="html/756f54d0-57bf-5057-959d-8dfcc338fab6.htm" />
  </HelpKINode>
  <HelpKINode Title="DocArchive.AddDocument method" Url="html/2945ebb2-80c5-1d10-8c59-64ca5eb87a7c.htm" />
  <HelpKINode Title="DocArchive.Documents property" Url="html/de3e5d0e-0d88-d64f-08b0-49a3f3a1490b.htm" />
  <HelpKINode Title="DocArchive.GetDocuments method" Url="html/677f0cb8-b95a-4347-794e-934bea0a0f60.htm" />
  <HelpKINode Title="DocArchive.MyDocArchive property" Url="html/7a7639bc-cf19-a66e-0f29-345981a60384.htm" />
  <HelpKINode Title="DocArchive.SaveDocuments method" Url="html/ffea18d6-1005-c5c2-2620-989d41c1cace.htm" />
  <HelpKINode Title="Document class">
    <HelpKINode Title="Document Class" Url="html/5d22e975-93a7-c4c1-aaa6-5cbf7535aabe.htm" />
    <HelpKINode Title="Document Members" Url="html/9939b2b1-7c25-cb33-944e-6d7afd757c7b.htm" />
    <HelpKINode Title="about Document class" Url="html/5d22e975-93a7-c4c1-aaa6-5cbf7535aabe.htm" />
    <HelpKINode Title="all members" Url="html/9939b2b1-7c25-cb33-944e-6d7afd757c7b.htm" />
    <HelpKINode Title="constructor" Url="html/64a9a5a4-178e-0dde-4d2b-287d1cf49cf8.htm" />
    <HelpKINode Title="methods" Url="html/ee2cfbd7-9ab1-2a7b-aefa-6cf174f1eb4a.htm" />
    <HelpKINode Title="properties" Url="html/31b26efd-154f-afc8-05c7-53ce078e9195.htm" />
  </HelpKINode>
  <HelpKINode Title="Document.Content property" Url="html/ec879924-76cf-04b6-09ec-a16e23f308a4.htm" />
  <HelpKINode Title="Document.CreationDate property" Url="html/17708870-4beb-d239-0959-c91c656a3631.htm" />
  <HelpKINode Title="Document.Document constructor" Url="html/64a9a5a4-178e-0dde-4d2b-287d1cf49cf8.htm" />
  <HelpKINode Title="Document.Edit method" Url="html/40a20feb-3c06-9b98-ab4f-62ffb0be33f6.htm" />
  <HelpKINode Title="Document.ID property" Url="html/95d75c9c-f5c9-c8e5-b97b-feca46484e49.htm" />
  <HelpKINode Title="Document.LastChangeDate property" Url="html/8309faaa-2e57-38ee-9a57-6dd6c60c820f.htm" />
  <HelpKINode Title="Document.Name property" Url="html/c1b3d148-7726-f2d4-18db-e463abe59bda.htm" />
  <HelpKINode Title="Document.ToString method" Url="html/999ca480-533e-fb33-444a-fb10563a42ce.htm" />
  <HelpKINode Title="Documents property" Url="html/de3e5d0e-0d88-d64f-08b0-49a3f3a1490b.htm" />
  <HelpKINode Title="DocumentsViewerWindow class">
    <HelpKINode Title="DocumentsViewerWindow Class" Url="html/a8c7897b-6cdc-64e6-f70a-e8a71e526033.htm" />
    <HelpKINode Title="DocumentsViewerWindow Members" Url="html/abd603a2-b9b7-4c33-80ee-6eb1761acfc0.htm" />
    <HelpKINode Title="about DocumentsViewerWindow class" Url="html/a8c7897b-6cdc-64e6-f70a-e8a71e526033.htm" />
    <HelpKINode Title="all members" Url="html/abd603a2-b9b7-4c33-80ee-6eb1761acfc0.htm" />
    <HelpKINode Title="constructor" Url="html/dbfa72ec-95f7-ad36-adeb-e1796279dacf.htm" />
    <HelpKINode Title="events" Url="html/e36eaf64-4ae7-ad8b-dbe3-b3b765da9e95.htm" />
    <HelpKINode Title="methods" Url="html/627bd42e-0ac9-ca1f-733d-5d898052e4a5.htm" />
    <HelpKINode Title="properties" Url="html/a260fc76-d3fb-c968-666b-9d5a3d711e4f.htm" />
  </HelpKINode>
  <HelpKINode Title="DocumentsViewerWindow.DocumentsViewerWindow constructor" Url="html/dbfa72ec-95f7-ad36-adeb-e1796279dacf.htm" />
  <HelpKINode Title="DocumentsViewerWindow.InitializeComponent method" Url="html/9d98a76e-0665-eb37-3e4a-3e7a32fa7088.htm" />
  <HelpKINode Title="Edit method">
    <HelpKINode Title="Document.Edit Method " Url="html/40a20feb-3c06-9b98-ab4f-62ffb0be33f6.htm" />
    <HelpKINode Title="IEditable.Edit Method " Url="html/269b0d13-ce92-2402-ca8f-0011665bf116.htm" />
  </HelpKINode>
  <HelpKINode Title="EventArchiveWindow class">
    <HelpKINode Title="EventArchiveWindow Class" Url="html/f20b8f11-20cf-3ab5-82af-8b7367cf77a3.htm" />
    <HelpKINode Title="EventArchiveWindow Members" Url="html/2d28f107-c08a-6225-6014-e0eabc4d4886.htm" />
    <HelpKINode Title="about EventArchiveWindow class" Url="html/f20b8f11-20cf-3ab5-82af-8b7367cf77a3.htm" />
    <HelpKINode Title="all members" Url="html/2d28f107-c08a-6225-6014-e0eabc4d4886.htm" />
    <HelpKINode Title="constructor" Url="html/cb1f5cb4-565b-2a05-52d4-5eaf424ab6be.htm" />
    <HelpKINode Title="events" Url="html/55474e65-175a-142a-db8a-08826e8683c3.htm" />
    <HelpKINode Title="methods" Url="html/c9e22753-183a-5d7c-d1f9-169ec2f4ef04.htm" />
    <HelpKINode Title="properties" Url="html/c6b8b86f-f5e2-e226-a3ff-fc1473ac8afd.htm" />
  </HelpKINode>
  <HelpKINode Title="EventArchiveWindow.EventArchiveWindow constructor" Url="html/cb1f5cb4-565b-2a05-52d4-5eaf424ab6be.htm" />
  <HelpKINode Title="EventArchiveWindow.InitializeComponent method" Url="html/0d24ee06-192d-3ae7-c8f6-6d095070e261.htm" />
  <HelpKINode Title="Garages property" Url="html/e744d82a-b1b3-6f02-d5e6-3b4c60ac52ba.htm" />
  <HelpKINode Title="GarageWindow class">
    <HelpKINode Title="GarageWindow Class" Url="html/0b850ea2-12b1-22aa-872b-3e1b8d1bc948.htm" />
    <HelpKINode Title="GarageWindow Members" Url="html/0eef6f1a-54f5-b40e-9a25-658098026f97.htm" />
    <HelpKINode Title="about GarageWindow class" Url="html/0b850ea2-12b1-22aa-872b-3e1b8d1bc948.htm" />
    <HelpKINode Title="all members" Url="html/0eef6f1a-54f5-b40e-9a25-658098026f97.htm" />
    <HelpKINode Title="constructor" Url="html/6ab1a57b-2b89-e6f4-5228-3a9637b2a43a.htm" />
    <HelpKINode Title="events" Url="html/947249a4-2722-1151-c7e4-9ecb3f9b4b7d.htm" />
    <HelpKINode Title="methods" Url="html/ebadbec2-2686-427c-56dc-f18810ba82e4.htm" />
    <HelpKINode Title="properties" Url="html/b6ed281a-925d-3dcd-e877-2f89da4730d4.htm" />
  </HelpKINode>
  <HelpKINode Title="GarageWindow.GarageWindow constructor" Url="html/6ab1a57b-2b89-e6f4-5228-3a9637b2a43a.htm" />
  <HelpKINode Title="GarageWindow.InitializeComponent method" Url="html/0e519816-1176-7d2e-96f7-835655af6a40.htm" />
  <HelpKINode Title="GeneralMeetingWindow class">
    <HelpKINode Title="GeneralMeetingWindow Class" Url="html/65fbba2d-9bdc-086d-5e9d-6ec1c284979e.htm" />
    <HelpKINode Title="GeneralMeetingWindow Members" Url="html/154f9c40-d85a-33a5-fdd1-0610ba86e98e.htm" />
    <HelpKINode Title="about GeneralMeetingWindow class" Url="html/65fbba2d-9bdc-086d-5e9d-6ec1c284979e.htm" />
    <HelpKINode Title="all members" Url="html/154f9c40-d85a-33a5-fdd1-0610ba86e98e.htm" />
    <HelpKINode Title="constructor" Url="html/3684da32-4616-2e52-67c7-23ff75a5e42e.htm" />
    <HelpKINode Title="events" Url="html/983883b0-0e6a-8de4-8ff6-b6702eb4598a.htm" />
    <HelpKINode Title="methods" Url="html/dabf7b26-6eff-bac5-fb3d-baf74b7c9cf2.htm" />
    <HelpKINode Title="properties" Url="html/88e4bbdb-1ba2-134c-8221-68652567b0a9.htm" />
  </HelpKINode>
  <HelpKINode Title="GeneralMeetingWindow.GeneralMeetingWindow constructor" Url="html/3684da32-4616-2e52-67c7-23ff75a5e42e.htm" />
  <HelpKINode Title="GeneralMeetingWindow.InitializeComponent method" Url="html/73bf4f2e-3398-a324-c204-b38098d887db.htm" />
  <HelpKINode Title="GetAccommodations method" Url="html/0bf522c8-d674-06a7-ac24-23fe67d3c04e.htm" />
  <HelpKINode Title="GetAdministrativeBoard method" Url="html/d8bf9b9c-a412-7fa6-0176-b6979b7dc59c.htm" />
  <HelpKINode Title="GetApartments method" Url="html/26c88037-3086-f43b-85d6-b20ef86139ed.htm" />
  <HelpKINode Title="GetCashier method" Url="html/49d0c32f-8997-2299-a6f2-08b015628c27.htm" />
  <HelpKINode Title="GetCommonholdObjects method" Url="html/01539ef4-3c68-94d3-4847-2d7a60545771.htm" />
  <HelpKINode Title="GetDocuments method" Url="html/677f0cb8-b95a-4347-794e-934bea0a0f60.htm" />
  <HelpKINode Title="GetGarages method" Url="html/26ecb2d9-1b8f-52a5-1098-77ca2fecd9d6.htm" />
  <HelpKINode Title="GetHouseKeeper method" Url="html/4a715258-dcf1-fa15-3766-eb06707a5d36.htm" />
  <HelpKINode Title="GetInhabitants method" Url="html/981f9905-12ed-c67d-8be2-6eb43bbf565d.htm" />
  <HelpKINode Title="GetInhabitantsArchive method" Url="html/59acddf2-3add-7b3a-87c6-319ad20bcdc0.htm" />
  <HelpKINode Title="GetSupervisors method" Url="html/3d914c07-1127-9488-95e2-5b4d82d7c515.htm" />
  <HelpKINode Title="HouseKeeper class">
    <HelpKINode Title="HouseKeeper Class" Url="html/1d873c65-30a5-c43b-193f-15470fbc9185.htm" />
    <HelpKINode Title="HouseKeeper Members" Url="html/3a200d26-e66c-6292-1335-e2bcaca58e5b.htm" />
    <HelpKINode Title="about HouseKeeper class" Url="html/1d873c65-30a5-c43b-193f-15470fbc9185.htm" />
    <HelpKINode Title="all members" Url="html/3a200d26-e66c-6292-1335-e2bcaca58e5b.htm" />
    <HelpKINode Title="constructor" Url="html/46aaeebd-cc73-2fe3-dba8-11517e1ee96d.htm" />
    <HelpKINode Title="methods" Url="html/ff3085c7-2d7e-ba11-c7e0-8d8232ab89c1.htm" />
    <HelpKINode Title="properties" Url="html/e954fb76-5cb4-0847-2584-a4f53480fa18.htm" />
  </HelpKINode>
  <HelpKINode Title="HouseKeeper.DateOfElection property" Url="html/74f1cd62-0c55-d324-f8cd-3bd686f47bac.htm" />
  <HelpKINode Title="HouseKeeper.HouseKeeper constructor" Url="html/46aaeebd-cc73-2fe3-dba8-11517e1ee96d.htm" />
  <HelpKINode Title="HouseKeeper.ToString method" Url="html/4bd8acd0-d08b-77e5-e064-799649f796d3.htm" />
  <HelpKINode Title="HouseKeeperSelectWindow class">
    <HelpKINode Title="HouseKeeperSelectWindow Class" Url="html/f30226c2-0d5f-72a6-f930-abe1212a9f7b.htm" />
    <HelpKINode Title="HouseKeeperSelectWindow Members" Url="html/306bfb31-4825-d4a3-a7c1-fc82b64a5cae.htm" />
    <HelpKINode Title="about HouseKeeperSelectWindow class" Url="html/f30226c2-0d5f-72a6-f930-abe1212a9f7b.htm" />
    <HelpKINode Title="all members" Url="html/306bfb31-4825-d4a3-a7c1-fc82b64a5cae.htm" />
    <HelpKINode Title="constructor" Url="html/1c0f86a4-1bb2-7ec2-0801-9f594e3cba63.htm" />
    <HelpKINode Title="events" Url="html/59dc73c4-d89d-ee52-cb59-d868fc4c46ca.htm" />
    <HelpKINode Title="methods" Url="html/6fbdca80-1fb3-7640-096d-690c153bfd11.htm" />
    <HelpKINode Title="properties" Url="html/f9de874a-75d2-0ca3-b34f-67208e0fc365.htm" />
  </HelpKINode>
  <HelpKINode Title="HouseKeeperSelectWindow.HouseKeeperSelectWindow constructor" Url="html/1c0f86a4-1bb2-7ec2-0801-9f594e3cba63.htm" />
  <HelpKINode Title="HouseKeeperSelectWindow.InitializeComponent method" Url="html/062728cf-b177-5180-d26e-21770b375ee2.htm" />
  <HelpKINode Title="ID property" Url="html/95d75c9c-f5c9-c8e5-b97b-feca46484e49.htm" />
  <HelpKINode Title="IEditable interface">
    <HelpKINode Title="IEditable Interface" Url="html/05e703b7-7746-b18a-2441-2c3678bef1f9.htm" />
    <HelpKINode Title="IEditable Members" Url="html/7155139f-7eeb-7035-bf75-5477631d30c4.htm" />
    <HelpKINode Title="about IEditable interface" Url="html/05e703b7-7746-b18a-2441-2c3678bef1f9.htm" />
    <HelpKINode Title="all members" Url="html/7155139f-7eeb-7035-bf75-5477631d30c4.htm" />
    <HelpKINode Title="methods" Url="html/b8f5b238-8158-622d-226e-cb543aa2f05a.htm" />
  </HelpKINode>
  <HelpKINode Title="IEditable.Edit method" Url="html/269b0d13-ce92-2402-ca8f-0011665bf116.htm" />
  <HelpKINode Title="IElection interface">
    <HelpKINode Title="IElection Interface" Url="html/a80e089a-486f-25f2-9211-eba3e06dcb3b.htm" />
    <HelpKINode Title="IElection Members" Url="html/3b5eb199-63ce-9b7c-4c92-5ccac1cd9d7f.htm" />
    <HelpKINode Title="about IElection interface" Url="html/a80e089a-486f-25f2-9211-eba3e06dcb3b.htm" />
    <HelpKINode Title="all members" Url="html/3b5eb199-63ce-9b7c-4c92-5ccac1cd9d7f.htm" />
    <HelpKINode Title="properties" Url="html/ad266190-04dd-37d7-0e5c-ef0a6e4de075.htm" />
  </HelpKINode>
  <HelpKINode Title="IElection.DateOfElection property" Url="html/d2993c3b-f1cc-a4c0-47ba-75c7c0600462.htm" />
  <HelpKINode Title="IEvent interface">
    <HelpKINode Title="IEvent Interface" Url="html/59329e37-cdbd-5a39-20b7-e6812487c6bd.htm" />
    <HelpKINode Title="IEvent Members" Url="html/08e12991-583f-c9a3-38f4-c4dcc3d79711.htm" />
    <HelpKINode Title="about IEvent interface" Url="html/59329e37-cdbd-5a39-20b7-e6812487c6bd.htm" />
    <HelpKINode Title="all members" Url="html/08e12991-583f-c9a3-38f4-c4dcc3d79711.htm" />
    <HelpKINode Title="properties" Url="html/ee0d6d36-2467-a13e-b8ad-3f0ef317af00.htm" />
  </HelpKINode>
  <HelpKINode Title="IEvent.Time property" Url="html/763f8e0c-eaf5-bcd6-91a8-28c406f13eb0.htm" />
  <HelpKINode Title="IMember interface">
    <HelpKINode Title="IMember Interface" Url="html/e1946a75-bfa3-0f3d-b327-a134045eec78.htm" />
    <HelpKINode Title="IMember Members" Url="html/b859ca0d-bbe0-9fd2-c913-d0ec6a1a62ff.htm" />
    <HelpKINode Title="about IMember interface" Url="html/e1946a75-bfa3-0f3d-b327-a134045eec78.htm" />
    <HelpKINode Title="all members" Url="html/b859ca0d-bbe0-9fd2-c913-d0ec6a1a62ff.htm" />
    <HelpKINode Title="methods" Url="html/18e81825-9ee3-5804-9330-907a26ac22c0.htm" />
  </HelpKINode>
  <HelpKINode Title="IMember.AddMember method" Url="html/aeb07939-dcfd-dc48-2401-d3d108ae8b4e.htm" />
  <HelpKINode Title="InhabitantList class">
    <HelpKINode Title="InhabitantList Class" Url="html/e2e7a7aa-38b4-2ae8-4bee-b3eae7a1be54.htm" />
    <HelpKINode Title="InhabitantList Members" Url="html/213dba92-ce5b-5cdf-8868-5669ba9c2e06.htm" />
    <HelpKINode Title="about InhabitantList class" Url="html/e2e7a7aa-38b4-2ae8-4bee-b3eae7a1be54.htm" />
    <HelpKINode Title="all members" Url="html/213dba92-ce5b-5cdf-8868-5669ba9c2e06.htm" />
    <HelpKINode Title="constructor" Url="html/981a4f40-dafe-2858-7b76-0f2220d60dc5.htm" />
    <HelpKINode Title="methods" Url="html/a288a728-0599-1137-b647-85d404863e8d.htm" />
    <HelpKINode Title="properties" Url="html/8cca74a2-9966-6d18-4417-d6ef3a517e2e.htm" />
  </HelpKINode>
  <HelpKINode Title="InhabitantList.AddMember method" Url="html/36ab4828-6b9b-4870-e85b-5e75bc9c5cbc.htm" />
  <HelpKINode Title="InhabitantList.DateOfElection property" Url="html/4cb6b1d5-8454-05e0-fd57-d404cb47b74f.htm" />
  <HelpKINode Title="InhabitantList.DeserializeInhabitants method" Url="html/4b804296-421f-a649-c683-ea1b177728c0.htm" />
  <HelpKINode Title="InhabitantList.InhabitantList constructor" Url="html/981a4f40-dafe-2858-7b76-0f2220d60dc5.htm" />
  <HelpKINode Title="InhabitantList.MembersOfInhabitantList property" Url="html/b7119334-87c3-f136-4139-19ba84b93118.htm" />
  <HelpKINode Title="InhabitantList.SerializeInhabitants method" Url="html/d208ca10-9283-748d-df43-94fb03ab7d33.htm" />
  <HelpKINode Title="InhabitantList.ToString method" Url="html/4be73be7-55c8-3bf4-0d96-63759eb4725d.htm" />
  <HelpKINode Title="InhabitantList.WriteToFile method" Url="html/43dc0c68-1e08-1f50-84e5-fbc75312630c.htm" />
  <HelpKINode Title="Inhabitants property">
    <HelpKINode Title="Building.Inhabitants Property " Url="html/fcebcf40-0a19-2b20-14b1-90724c7cf3ac.htm" />
    <HelpKINode Title="Commonhold.Inhabitants Property " Url="html/42afaa78-8e3c-b361-8f0e-868c92d6783f.htm" />
  </HelpKINode>
  <HelpKINode Title="InhabitantsArchive property" Url="html/6f802d18-a9c8-2dfd-b120-5ab224eb50ae.htm" />
  <HelpKINode Title="InhabitantWindow class">
    <HelpKINode Title="InhabitantWindow Class" Url="html/8e1d87e3-bcfe-c6a9-6bf5-01c230ea77d2.htm" />
    <HelpKINode Title="InhabitantWindow Members" Url="html/53a0db97-c914-ecf5-65a9-394ea275b362.htm" />
    <HelpKINode Title="about InhabitantWindow class" Url="html/8e1d87e3-bcfe-c6a9-6bf5-01c230ea77d2.htm" />
    <HelpKINode Title="all members" Url="html/53a0db97-c914-ecf5-65a9-394ea275b362.htm" />
    <HelpKINode Title="constructor" Url="html/e69085c2-9a32-ebd6-a49e-df5dde46c2e6.htm" />
    <HelpKINode Title="events" Url="html/713687f0-3d0d-578b-f509-cdb561ec6fbf.htm" />
    <HelpKINode Title="methods" Url="html/e2f21b56-c9f1-cd80-01c5-91661261ee3f.htm" />
    <HelpKINode Title="properties" Url="html/daa9808e-b68b-a0f5-1a90-5378195b2dc0.htm" />
  </HelpKINode>
  <HelpKINode Title="InhabitantWindow.InhabitantWindow constructor" Url="html/e69085c2-9a32-ebd6-a49e-df5dde46c2e6.htm" />
  <HelpKINode Title="InhabitantWindow.InitializeComponent method" Url="html/664742e8-e3eb-5fe8-ccdc-1a5ce727491f.htm" />
  <HelpKINode Title="InitializeComponent method">
    <HelpKINode Title="AccommodationWindow.InitializeComponent Method " Url="html/83fb673c-185b-e85f-dae8-4bf72fad7a75.htm" />
    <HelpKINode Title="AddNewAccommodationWindow.InitializeComponent Method " Url="html/342e3513-e285-f611-e0c4-1043152db5ec.htm" />
    <HelpKINode Title="AddNewApartmentWindow.InitializeComponent Method " Url="html/febb3969-3473-97e2-db6b-c8011237b064.htm" />
    <HelpKINode Title="AddNewGarageWindow.InitializeComponent Method " Url="html/832d35a2-6f70-214a-0ee0-614090e10f1c.htm" />
    <HelpKINode Title="AddNewInhabitantWindow.InitializeComponent Method " Url="html/9ea95d64-2c42-ced6-a754-974ce5729f5f.htm" />
    <HelpKINode Title="ApartmentWindow.InitializeComponent Method " Url="html/2d8272b4-f01f-ea9b-b50f-e6c3fdbbd7fb.htm" />
    <HelpKINode Title="App.InitializeComponent Method " Url="html/a2c6a9e3-51c1-5c7a-5954-978f72957959.htm" />
    <HelpKINode Title="CashierSelectWindow.InitializeComponent Method " Url="html/9b5ac16a-8c7f-cb0a-6f4b-cab7d621f864.htm" />
    <HelpKINode Title="CommissionsParticipantsWindow.InitializeComponent Method " Url="html/1ce73301-5954-b919-6ffb-2a7ba9d4fbd2.htm" />
    <HelpKINode Title="DocumentsViewerWindow.InitializeComponent Method " Url="html/9d98a76e-0665-eb37-3e4a-3e7a32fa7088.htm" />
    <HelpKINode Title="EventArchiveWindow.InitializeComponent Method " Url="html/0d24ee06-192d-3ae7-c8f6-6d095070e261.htm" />
    <HelpKINode Title="GarageWindow.InitializeComponent Method " Url="html/0e519816-1176-7d2e-96f7-835655af6a40.htm" />
    <HelpKINode Title="GeneralMeetingWindow.InitializeComponent Method " Url="html/73bf4f2e-3398-a324-c204-b38098d887db.htm" />
    <HelpKINode Title="HouseKeeperSelectWindow.InitializeComponent Method " Url="html/062728cf-b177-5180-d26e-21770b375ee2.htm" />
    <HelpKINode Title="InhabitantWindow.InitializeComponent Method " Url="html/664742e8-e3eb-5fe8-ccdc-1a5ce727491f.htm" />
    <HelpKINode Title="MainWindow.InitializeComponent Method " Url="html/107168b6-7b31-aea9-0ad6-6172f626f474.htm" />
    <HelpKINode Title="MessageCreationWindow.InitializeComponent Method " Url="html/90b279c2-5fb9-d2f9-0124-13634a5ed834.htm" />
    <HelpKINode Title="ProtocolCreationWindow.InitializeComponent Method " Url="html/09246b49-2d5d-1d76-e230-7614f112eb65.htm" />
    <HelpKINode Title="ShowOwnersWindow.InitializeComponent Method " Url="html/22124367-bbe3-4be8-f32c-2c1ec63375ab.htm" />
    <HelpKINode Title="ShowTenantsWindow.InitializeComponent Method " Url="html/4ebd21cb-681d-4f6b-8563-9c4def299f21.htm" />
  </HelpKINode>
  <HelpKINode Title="IsWindowOpen(Of T) method" Url="html/6afdbeda-fd5f-22e9-cf15-372439e59084.htm" />
  <HelpKINode Title="IsWindowOpen&lt;T&gt; method" Url="html/6afdbeda-fd5f-22e9-cf15-372439e59084.htm" />
  <HelpKINode Title="Keeper property" Url="html/d4d58ce1-c834-7b4f-c658-af30c705c334.htm" />
  <HelpKINode Title="LastChangeDate property" Url="html/8309faaa-2e57-38ee-9a57-6dd6c60c820f.htm" />
  <HelpKINode Title="LegalDocumentTypes enumeration" Url="html/98f1872c-0b97-1879-422f-7848bfb668b0.htm" />
  <HelpKINode Title="Main method" Url="html/86ea1ad4-f4f8-ad64-50f6-e4cec78a6103.htm" />
  <HelpKINode Title="MainWindow class">
    <HelpKINode Title="MainWindow Class" Url="html/5841abc2-079d-8ebb-1dda-41c523b1f249.htm" />
    <HelpKINode Title="MainWindow Members" Url="html/ce108e66-3fb7-84f8-30a3-280aa3b0a308.htm" />
    <HelpKINode Title="about MainWindow class" Url="html/5841abc2-079d-8ebb-1dda-41c523b1f249.htm" />
    <HelpKINode Title="all members" Url="html/ce108e66-3fb7-84f8-30a3-280aa3b0a308.htm" />
    <HelpKINode Title="constructor" Url="html/251df8ed-0fc6-3b22-349b-dba9e433a47e.htm" />
    <HelpKINode Title="events" Url="html/2aa4001d-6fe9-30af-11bc-f4921b8d309d.htm" />
    <HelpKINode Title="methods" Url="html/2673efbc-24a4-b863-eff2-1bf802039158.htm" />
    <HelpKINode Title="properties" Url="html/0dd0ec64-2575-4ef6-3572-17697eb9a9ab.htm" />
  </HelpKINode>
  <HelpKINode Title="MainWindow.DeepCopyUIElement method" Url="html/39936cfd-2125-d5ac-0b89-2aa67fac3fcf.htm" />
  <HelpKINode Title="MainWindow.InitializeComponent method" Url="html/107168b6-7b31-aea9-0ad6-6172f626f474.htm" />
  <HelpKINode Title="MainWindow.IsWindowOpen(Of T) method" Url="html/6afdbeda-fd5f-22e9-cf15-372439e59084.htm" />
  <HelpKINode Title="MainWindow.IsWindowOpen&lt;T&gt; method" Url="html/6afdbeda-fd5f-22e9-cf15-372439e59084.htm" />
  <HelpKINode Title="MainWindow.MainWindow constructor" Url="html/251df8ed-0fc6-3b22-349b-dba9e433a47e.htm" />
  <HelpKINode Title="Material property" Url="html/93fd7a5c-9cbd-ffe1-eb15-599afaf65480.htm" />
  <HelpKINode Title="MembersOfInhabitantList property" Url="html/b7119334-87c3-f136-4139-19ba84b93118.htm" />
  <HelpKINode Title="MessageCreationWindow class">
    <HelpKINode Title="MessageCreationWindow Class" Url="html/ce4941ef-9155-7f62-e43b-71afd8e203f2.htm" />
    <HelpKINode Title="MessageCreationWindow Members" Url="html/3222e66b-8ab1-51bc-aaac-c6e103c80f2d.htm" />
    <HelpKINode Title="about MessageCreationWindow class" Url="html/ce4941ef-9155-7f62-e43b-71afd8e203f2.htm" />
    <HelpKINode Title="all members" Url="html/3222e66b-8ab1-51bc-aaac-c6e103c80f2d.htm" />
    <HelpKINode Title="constructor" Url="html/01f56f0b-ab44-03ae-634d-ffca31d8df5b.htm" />
    <HelpKINode Title="events" Url="html/997abc99-a8e6-cfb2-eb0f-1b3e67cb2869.htm" />
    <HelpKINode Title="methods" Url="html/cd6b8721-b2c2-dadf-7409-8412ff42845d.htm" />
    <HelpKINode Title="properties" Url="html/17fcdd8b-750e-25c1-80f7-30a30e1b9b11.htm" />
  </HelpKINode>
  <HelpKINode Title="MessageCreationWindow.InitializeComponent method" Url="html/90b279c2-5fb9-d2f9-0124-13634a5ed834.htm" />
  <HelpKINode Title="MessageCreationWindow.MessageCreationWindow constructor" Url="html/01f56f0b-ab44-03ae-634d-ffca31d8df5b.htm" />
  <HelpKINode Title="MyCashier property" Url="html/e012780e-65f5-11c8-64ed-4bb1743c7a7f.htm" />
  <HelpKINode Title="MyCommonhold property" Url="html/1574187d-1907-a4d2-7d2d-318303d28adb.htm" />
  <HelpKINode Title="MyDocArchive property" Url="html/7a7639bc-cf19-a66e-0f29-345981a60384.htm" />
  <HelpKINode Title="Name property" Url="html/c1b3d148-7726-f2d4-18db-e463abe59bda.htm" />
  <HelpKINode Title="None enumeration member" Url="html/98f1872c-0b97-1879-422f-7848bfb668b0.htm" />
  <HelpKINode Title="Protocol class">
    <HelpKINode Title="Protocol Class" Url="html/79dcdcc5-2033-3955-6a7d-df684efb5500.htm" />
    <HelpKINode Title="Protocol Members" Url="html/06cf46f5-528b-27f4-0bfe-caa9ca7561b2.htm" />
    <HelpKINode Title="about Protocol class" Url="html/79dcdcc5-2033-3955-6a7d-df684efb5500.htm" />
    <HelpKINode Title="all members" Url="html/06cf46f5-528b-27f4-0bfe-caa9ca7561b2.htm" />
    <HelpKINode Title="constructor" Url="html/6ce91460-7a58-237a-453e-0b132e2188b4.htm" />
    <HelpKINode Title="methods" Url="html/aab62a1b-a6ac-342d-fc09-260cf81f70ed.htm" />
    <HelpKINode Title="properties" Url="html/23b4a088-c479-097e-ef66-ef435ed3413c.htm" />
  </HelpKINode>
  <HelpKINode Title="Protocol.Protocol constructor" Url="html/6ce91460-7a58-237a-453e-0b132e2188b4.htm" />
  <HelpKINode Title="Protocol.ProtocolWriter property" Url="html/d252b2c4-2f8c-0e42-6f5d-239fb9516126.htm" />
  <HelpKINode Title="Protocol.Signers property" Url="html/900e6099-a4d1-d713-789a-97a441deea4c.htm" />
  <HelpKINode Title="Protocol.ToString method" Url="html/f79bf710-7f1c-3e89-d69d-3dad3d555dbe.htm" />
  <HelpKINode Title="ProtocolCreationWindow class">
    <HelpKINode Title="ProtocolCreationWindow Class" Url="html/e9c518a4-9b50-6d12-f0a5-525ae1b2eb94.htm" />
    <HelpKINode Title="ProtocolCreationWindow Members" Url="html/c469d2fa-264a-4469-4149-e669304d9a0d.htm" />
    <HelpKINode Title="about ProtocolCreationWindow class" Url="html/e9c518a4-9b50-6d12-f0a5-525ae1b2eb94.htm" />
    <HelpKINode Title="all members" Url="html/c469d2fa-264a-4469-4149-e669304d9a0d.htm" />
    <HelpKINode Title="constructor" Url="html/b47b2ada-736d-d838-e744-c208cd4ac0a4.htm" />
    <HelpKINode Title="events" Url="html/2650c6bf-c4eb-6a9d-4843-694fc8fb8741.htm" />
    <HelpKINode Title="methods" Url="html/eb90fb55-1831-a0a3-b3d1-b6c871ed1848.htm" />
    <HelpKINode Title="properties" Url="html/b0f7224c-23ab-44bb-8ea5-5f404022b348.htm" />
  </HelpKINode>
  <HelpKINode Title="ProtocolCreationWindow.InitializeComponent method" Url="html/09246b49-2d5d-1d76-e230-7614f112eb65.htm" />
  <HelpKINode Title="ProtocolCreationWindow.ProtocolCreationWindow constructor" Url="html/b47b2ada-736d-d838-e744-c208cd4ac0a4.htm" />
  <HelpKINode Title="ProtocolWriter property" Url="html/d252b2c4-2f8c-0e42-6f5d-239fb9516126.htm" />
  <HelpKINode Title="ResidentialManager namespace" Url="html/e652710b-f617-e92d-cce5-91e527f9dfcd.htm" />
  <HelpKINode Title="ResidentialManager.AccommodationWindow class">
    <HelpKINode Title="AccommodationWindow Class" Url="html/f51b6ff8-3d00-87db-deb5-92854fb5db3c.htm" />
    <HelpKINode Title="AccommodationWindow Members" Url="html/2ead89f8-e4b1-436a-45ce-096a579f7464.htm" />
  </HelpKINode>
  <HelpKINode Title="ResidentialManager.AddNewAccommodationWindow class">
    <HelpKINode Title="AddNewAccommodationWindow Class" Url="html/88e6ef69-80d3-259a-4abc-125ecc7fd63f.htm" />
    <HelpKINode Title="AddNewAccommodationWindow Members" Url="html/a806776e-0997-305f-4633-4577552a772e.htm" />
  </HelpKINode>
  <HelpKINode Title="ResidentialManager.AddNewApartmentWindow class">
    <HelpKINode Title="AddNewApartmentWindow Class" Url="html/9869ecfe-7a0b-a140-654b-34eedc1abcaf.htm" />
    <HelpKINode Title="AddNewApartmentWindow Members" Url="html/3e6bd788-2801-1be6-e295-16f38807668d.htm" />
  </HelpKINode>
  <HelpKINode Title="ResidentialManager.AddNewGarageWindow class">
    <HelpKINode Title="AddNewGarageWindow Class" Url="html/93e1ca3f-d343-a278-5cde-8e4a3a855e3d.htm" />
    <HelpKINode Title="AddNewGarageWindow Members" Url="html/4d02d691-04dd-76cc-1fe1-eb79ba3878e8.htm" />
  </HelpKINode>
  <HelpKINode Title="ResidentialManager.AddNewInhabitantWindow class">
    <HelpKINode Title="AddNewInhabitantWindow Class" Url="html/bb6f396b-52e7-5d9b-ebe7-61456cd1f38f.htm" />
    <HelpKINode Title="AddNewInhabitantWindow Members" Url="html/0bd672af-3750-c402-8600-c66320b26e00.htm" />
  </HelpKINode>
  <HelpKINode Title="ResidentialManager.AdministrativeBoard class">
    <HelpKINode Title="AdministrativeBoard Class" Url="html/bb77c7d5-1771-5981-6d82-e3803ae2ef30.htm" />
    <HelpKINode Title="AdministrativeBoard Members" Url="html/1eb0172c-5701-a67b-14f8-142dcc496985.htm" />
  </HelpKINode>
  <HelpKINode Title="ResidentialManager.ApartmentWindow class">
    <HelpKINode Title="ApartmentWindow Class" Url="html/21ea4ca5-da59-1e42-ca9b-02a6d8ac1d50.htm" />
    <HelpKINode Title="ApartmentWindow Members" Url="html/6b98d7bd-820f-8fb6-4300-3c64a52b11e0.htm" />
  </HelpKINode>
  <HelpKINode Title="ResidentialManager.App class">
    <HelpKINode Title="App Class" Url="html/43c8be2c-b635-c2dd-08b3-a77471c8b6c4.htm" />
    <HelpKINode Title="App Members" Url="html/1eb54323-b6e3-0892-1aa1-cba29ae184d5.htm" />
  </HelpKINode>
  <HelpKINode Title="ResidentialManager.Building class">
    <HelpKINode Title="Building Class" Url="html/e02f17c2-ab18-ec56-2b64-a3df52b4b370.htm" />
    <HelpKINode Title="Building Members" Url="html/78b098d9-becf-65b8-3a03-c14a1bafe9aa.htm" />
  </HelpKINode>
  <HelpKINode Title="ResidentialManager.Cashier class">
    <HelpKINode Title="Cashier Class" Url="html/576c8819-7589-05d0-d82c-696ff6c6d932.htm" />
    <HelpKINode Title="Cashier Members" Url="html/ba38e816-637e-e2ef-0824-06d49f0c505f.htm" />
  </HelpKINode>
  <HelpKINode Title="ResidentialManager.CashierSelectWindow class">
    <HelpKINode Title="CashierSelectWindow Class" Url="html/dc3065ff-2841-4a70-273e-40b71318c312.htm" />
    <HelpKINode Title="CashierSelectWindow Members" Url="html/462ed30c-18c3-836d-a888-68ae5cc0a56a.htm" />
  </HelpKINode>
  <HelpKINode Title="ResidentialManager.CommissionsParticipantsWindow class">
    <HelpKINode Title="CommissionsParticipantsWindow Class" Url="html/e755b7b6-81cd-295b-1b89-ff55e0ee6f9d.htm" />
    <HelpKINode Title="CommissionsParticipantsWindow Members" Url="html/000e54cc-5479-5212-8f27-f2b82a952dcd.htm" />
  </HelpKINode>
  <HelpKINode Title="ResidentialManager.Commonhold class">
    <HelpKINode Title="Commonhold Class" Url="html/898282c0-baef-d116-4cfb-b5753425f94f.htm" />
    <HelpKINode Title="Commonhold Members" Url="html/f096a078-f7fa-b0be-a33a-7b3498fa2e84.htm" />
  </HelpKINode>
  <HelpKINode Title="ResidentialManager.DocArchive class">
    <HelpKINode Title="DocArchive Class" Url="html/d771348b-01e7-0170-b36c-47ca8276d186.htm" />
    <HelpKINode Title="DocArchive Members" Url="html/e2f88994-6951-92ed-0bdb-5f49c66b0918.htm" />
  </HelpKINode>
  <HelpKINode Title="ResidentialManager.Document class">
    <HelpKINode Title="Document Class" Url="html/5d22e975-93a7-c4c1-aaa6-5cbf7535aabe.htm" />
    <HelpKINode Title="Document Members" Url="html/9939b2b1-7c25-cb33-944e-6d7afd757c7b.htm" />
  </HelpKINode>
  <HelpKINode Title="ResidentialManager.DocumentsViewerWindow class">
    <HelpKINode Title="DocumentsViewerWindow Class" Url="html/a8c7897b-6cdc-64e6-f70a-e8a71e526033.htm" />
    <HelpKINode Title="DocumentsViewerWindow Members" Url="html/abd603a2-b9b7-4c33-80ee-6eb1761acfc0.htm" />
  </HelpKINode>
  <HelpKINode Title="ResidentialManager.EventArchiveWindow class">
    <HelpKINode Title="EventArchiveWindow Class" Url="html/f20b8f11-20cf-3ab5-82af-8b7367cf77a3.htm" />
    <HelpKINode Title="EventArchiveWindow Members" Url="html/2d28f107-c08a-6225-6014-e0eabc4d4886.htm" />
  </HelpKINode>
  <HelpKINode Title="ResidentialManager.GarageWindow class">
    <HelpKINode Title="GarageWindow Class" Url="html/0b850ea2-12b1-22aa-872b-3e1b8d1bc948.htm" />
    <HelpKINode Title="GarageWindow Members" Url="html/0eef6f1a-54f5-b40e-9a25-658098026f97.htm" />
  </HelpKINode>
  <HelpKINode Title="ResidentialManager.GeneralMeetingWindow class">
    <HelpKINode Title="GeneralMeetingWindow Class" Url="html/65fbba2d-9bdc-086d-5e9d-6ec1c284979e.htm" />
    <HelpKINode Title="GeneralMeetingWindow Members" Url="html/154f9c40-d85a-33a5-fdd1-0610ba86e98e.htm" />
  </HelpKINode>
  <HelpKINode Title="ResidentialManager.HouseKeeper class">
    <HelpKINode Title="HouseKeeper Class" Url="html/1d873c65-30a5-c43b-193f-15470fbc9185.htm" />
    <HelpKINode Title="HouseKeeper Members" Url="html/3a200d26-e66c-6292-1335-e2bcaca58e5b.htm" />
  </HelpKINode>
  <HelpKINode Title="ResidentialManager.HouseKeeperSelectWindow class">
    <HelpKINode Title="HouseKeeperSelectWindow Class" Url="html/f30226c2-0d5f-72a6-f930-abe1212a9f7b.htm" />
    <HelpKINode Title="HouseKeeperSelectWindow Members" Url="html/306bfb31-4825-d4a3-a7c1-fc82b64a5cae.htm" />
  </HelpKINode>
  <HelpKINode Title="ResidentialManager.IEditable interface">
    <HelpKINode Title="IEditable Interface" Url="html/05e703b7-7746-b18a-2441-2c3678bef1f9.htm" />
    <HelpKINode Title="IEditable Members" Url="html/7155139f-7eeb-7035-bf75-5477631d30c4.htm" />
  </HelpKINode>
  <HelpKINode Title="ResidentialManager.IElection interface">
    <HelpKINode Title="IElection Interface" Url="html/a80e089a-486f-25f2-9211-eba3e06dcb3b.htm" />
    <HelpKINode Title="IElection Members" Url="html/3b5eb199-63ce-9b7c-4c92-5ccac1cd9d7f.htm" />
  </HelpKINode>
  <HelpKINode Title="ResidentialManager.IEvent interface">
    <HelpKINode Title="IEvent Interface" Url="html/59329e37-cdbd-5a39-20b7-e6812487c6bd.htm" />
    <HelpKINode Title="IEvent Members" Url="html/08e12991-583f-c9a3-38f4-c4dcc3d79711.htm" />
  </HelpKINode>
  <HelpKINode Title="ResidentialManager.IMember interface">
    <HelpKINode Title="IMember Interface" Url="html/e1946a75-bfa3-0f3d-b327-a134045eec78.htm" />
    <HelpKINode Title="IMember Members" Url="html/b859ca0d-bbe0-9fd2-c913-d0ec6a1a62ff.htm" />
  </HelpKINode>
  <HelpKINode Title="ResidentialManager.InhabitantList class">
    <HelpKINode Title="InhabitantList Class" Url="html/e2e7a7aa-38b4-2ae8-4bee-b3eae7a1be54.htm" />
    <HelpKINode Title="InhabitantList Members" Url="html/213dba92-ce5b-5cdf-8868-5669ba9c2e06.htm" />
  </HelpKINode>
  <HelpKINode Title="ResidentialManager.InhabitantWindow class">
    <HelpKINode Title="InhabitantWindow Class" Url="html/8e1d87e3-bcfe-c6a9-6bf5-01c230ea77d2.htm" />
    <HelpKINode Title="InhabitantWindow Members" Url="html/53a0db97-c914-ecf5-65a9-394ea275b362.htm" />
  </HelpKINode>
  <HelpKINode Title="ResidentialManager.LegalDocumentTypes enumeration" Url="html/98f1872c-0b97-1879-422f-7848bfb668b0.htm" />
  <HelpKINode Title="ResidentialManager.MainWindow class">
    <HelpKINode Title="MainWindow Class" Url="html/5841abc2-079d-8ebb-1dda-41c523b1f249.htm" />
    <HelpKINode Title="MainWindow Members" Url="html/ce108e66-3fb7-84f8-30a3-280aa3b0a308.htm" />
  </HelpKINode>
  <HelpKINode Title="ResidentialManager.MessageCreationWindow class">
    <HelpKINode Title="MessageCreationWindow Class" Url="html/ce4941ef-9155-7f62-e43b-71afd8e203f2.htm" />
    <HelpKINode Title="MessageCreationWindow Members" Url="html/3222e66b-8ab1-51bc-aaac-c6e103c80f2d.htm" />
  </HelpKINode>
  <HelpKINode Title="ResidentialManager.Protocol class">
    <HelpKINode Title="Protocol Class" Url="html/79dcdcc5-2033-3955-6a7d-df684efb5500.htm" />
    <HelpKINode Title="Protocol Members" Url="html/06cf46f5-528b-27f4-0bfe-caa9ca7561b2.htm" />
  </HelpKINode>
  <HelpKINode Title="ResidentialManager.ProtocolCreationWindow class">
    <HelpKINode Title="ProtocolCreationWindow Class" Url="html/e9c518a4-9b50-6d12-f0a5-525ae1b2eb94.htm" />
    <HelpKINode Title="ProtocolCreationWindow Members" Url="html/c469d2fa-264a-4469-4149-e669304d9a0d.htm" />
  </HelpKINode>
  <HelpKINode Title="ResidentialManager.ShowOwnersWindow class">
    <HelpKINode Title="ShowOwnersWindow Class" Url="html/a6641776-7d35-686c-3b03-62c53315dd81.htm" />
    <HelpKINode Title="ShowOwnersWindow Members" Url="html/4e54d145-2919-fb84-6f8f-70bf202374f5.htm" />
  </HelpKINode>
  <HelpKINode Title="ResidentialManager.ShowTenantsWindow class">
    <HelpKINode Title="ShowTenantsWindow Class" Url="html/981bbc50-bf3a-ef9c-e811-20263ae3eabf.htm" />
    <HelpKINode Title="ShowTenantsWindow Members" Url="html/29d20e39-6fff-a5cd-7fcf-62461d337449.htm" />
  </HelpKINode>
  <HelpKINode Title="ResidentialManager.SupervisoryCommittee class">
    <HelpKINode Title="SupervisoryCommittee Class" Url="html/91a380ab-259e-1f5b-eec8-53d70ccc880d.htm" />
    <HelpKINode Title="SupervisoryCommittee Members" Url="html/e29c18b1-f504-5557-e28c-c9b3b4614fd5.htm" />
  </HelpKINode>
  <HelpKINode Title="ResidentialManager.TextDocument class">
    <HelpKINode Title="TextDocument Class" Url="html/e9d33f27-d37c-7f00-e521-ec225a3f44cb.htm" />
    <HelpKINode Title="TextDocument Members" Url="html/e30f321b-e434-0cc7-568f-ecc6bfbc3ea9.htm" />
  </HelpKINode>
  <HelpKINode Title="SaveDocuments method" Url="html/ffea18d6-1005-c5c2-2620-989d41c1cace.htm" />
  <HelpKINode Title="SerializeInhabitants method" Url="html/d208ca10-9283-748d-df43-94fb03ab7d33.htm" />
  <HelpKINode Title="ShowOwnersWindow class">
    <HelpKINode Title="ShowOwnersWindow Class" Url="html/a6641776-7d35-686c-3b03-62c53315dd81.htm" />
    <HelpKINode Title="ShowOwnersWindow Members" Url="html/4e54d145-2919-fb84-6f8f-70bf202374f5.htm" />
    <HelpKINode Title="about ShowOwnersWindow class" Url="html/a6641776-7d35-686c-3b03-62c53315dd81.htm" />
    <HelpKINode Title="all members" Url="html/4e54d145-2919-fb84-6f8f-70bf202374f5.htm" />
    <HelpKINode Title="constructor" Url="html/d1275db8-e47a-4ce4-84d2-c8c12cb7a672.htm" />
    <HelpKINode Title="events" Url="html/15e1cf6e-f231-1749-5ca1-abcb1fba51d4.htm" />
    <HelpKINode Title="methods" Url="html/7eb6ad34-345a-79e5-884d-293f82032353.htm" />
    <HelpKINode Title="properties" Url="html/c2733e3f-555c-a661-cb30-fd30c5edeb7d.htm" />
  </HelpKINode>
  <HelpKINode Title="ShowOwnersWindow.InitializeComponent method" Url="html/22124367-bbe3-4be8-f32c-2c1ec63375ab.htm" />
  <HelpKINode Title="ShowOwnersWindow.ShowOwnersWindow constructor" Url="html/d1275db8-e47a-4ce4-84d2-c8c12cb7a672.htm" />
  <HelpKINode Title="ShowTenantsWindow class">
    <HelpKINode Title="ShowTenantsWindow Class" Url="html/981bbc50-bf3a-ef9c-e811-20263ae3eabf.htm" />
    <HelpKINode Title="ShowTenantsWindow Members" Url="html/29d20e39-6fff-a5cd-7fcf-62461d337449.htm" />
    <HelpKINode Title="about ShowTenantsWindow class" Url="html/981bbc50-bf3a-ef9c-e811-20263ae3eabf.htm" />
    <HelpKINode Title="all members" Url="html/29d20e39-6fff-a5cd-7fcf-62461d337449.htm" />
    <HelpKINode Title="constructor" Url="html/0348c266-4a5a-61b2-4e4d-70894d204cb7.htm" />
    <HelpKINode Title="events" Url="html/44e134d7-aa71-6ed8-2d08-e548e1adbf20.htm" />
    <HelpKINode Title="methods" Url="html/b7b24dce-f306-6e1c-10cc-6eabadcd8e50.htm" />
    <HelpKINode Title="properties" Url="html/8304937b-ff6c-ebf1-0dc3-ff57e5bfd770.htm" />
  </HelpKINode>
  <HelpKINode Title="ShowTenantsWindow.InitializeComponent method" Url="html/4ebd21cb-681d-4f6b-8563-9c4def299f21.htm" />
  <HelpKINode Title="ShowTenantsWindow.ShowTenantsWindow constructor" Url="html/0348c266-4a5a-61b2-4e4d-70894d204cb7.htm" />
  <HelpKINode Title="Signers property" Url="html/900e6099-a4d1-d713-789a-97a441deea4c.htm" />
  <HelpKINode Title="Supervisor property" Url="html/ff97b102-66da-08c1-e49a-2ca52bacedb6.htm" />
  <HelpKINode Title="SupervisoryCommittee class">
    <HelpKINode Title="SupervisoryCommittee Class" Url="html/91a380ab-259e-1f5b-eec8-53d70ccc880d.htm" />
    <HelpKINode Title="SupervisoryCommittee Members" Url="html/e29c18b1-f504-5557-e28c-c9b3b4614fd5.htm" />
    <HelpKINode Title="about SupervisoryCommittee class" Url="html/91a380ab-259e-1f5b-eec8-53d70ccc880d.htm" />
    <HelpKINode Title="all members" Url="html/e29c18b1-f504-5557-e28c-c9b3b4614fd5.htm" />
    <HelpKINode Title="constructor" Url="html/68995ae9-a97a-0045-5687-8aab8a0ba37b.htm" />
    <HelpKINode Title="methods" Url="html/10eeacd5-a2d7-f4f1-e73c-d629286b1df2.htm" />
    <HelpKINode Title="properties" Url="html/b5bcc976-47f2-4f0e-877d-52d1ed7c09ef.htm" />
  </HelpKINode>
  <HelpKINode Title="SupervisoryCommittee.SupervisoryCommittee constructor" Url="html/68995ae9-a97a-0045-5687-8aab8a0ba37b.htm" />
  <HelpKINode Title="TextDocument class">
    <HelpKINode Title="TextDocument Class" Url="html/e9d33f27-d37c-7f00-e521-ec225a3f44cb.htm" />
    <HelpKINode Title="TextDocument Members" Url="html/e30f321b-e434-0cc7-568f-ecc6bfbc3ea9.htm" />
    <HelpKINode Title="about TextDocument class" Url="html/e9d33f27-d37c-7f00-e521-ec225a3f44cb.htm" />
    <HelpKINode Title="all members" Url="html/e30f321b-e434-0cc7-568f-ecc6bfbc3ea9.htm" />
    <HelpKINode Title="constructor" Url="html/7d40695f-6988-c0ef-9570-aa9234f2a759.htm" />
    <HelpKINode Title="methods" Url="html/771b32b7-744f-8929-7927-eea6ff16bbbe.htm" />
    <HelpKINode Title="properties" Url="html/c2871597-855b-cba2-0ab2-67843bf0ef0f.htm" />
  </HelpKINode>
  <HelpKINode Title="TextDocument.Content property" Url="html/cd1be01c-111e-727e-c8ae-27a8b368941f.htm" />
  <HelpKINode Title="TextDocument.TextDocument constructor" Url="html/7d40695f-6988-c0ef-9570-aa9234f2a759.htm" />
  <HelpKINode Title="TextDocument.ToString method" Url="html/542f63b3-a848-48d0-f801-7dc1842a12a4.htm" />
  <HelpKINode Title="Time property" Url="html/763f8e0c-eaf5-bcd6-91a8-28c406f13eb0.htm" />
  <HelpKINode Title="ToString method">
    <HelpKINode Title="Building.ToString Method " Url="html/e006d722-de40-ef41-3d08-cccb94ee0e78.htm" />
    <HelpKINode Title="Cashier.ToString Method " Url="html/7947ce47-084b-3493-b056-591f8de27a20.htm" />
    <HelpKINode Title="Document.ToString Method " Url="html/999ca480-533e-fb33-444a-fb10563a42ce.htm" />
    <HelpKINode Title="HouseKeeper.ToString Method " Url="html/4bd8acd0-d08b-77e5-e064-799649f796d3.htm" />
    <HelpKINode Title="InhabitantList.ToString Method " Url="html/4be73be7-55c8-3bf4-0d96-63759eb4725d.htm" />
    <HelpKINode Title="Protocol.ToString Method " Url="html/f79bf710-7f1c-3e89-d69d-3dad3d555dbe.htm" />
    <HelpKINode Title="TextDocument.ToString Method " Url="html/542f63b3-a848-48d0-f801-7dc1842a12a4.htm" />
  </HelpKINode>
  <HelpKINode Title="WriteToFile method" Url="html/43dc0c68-1e08-1f50-84e5-fbc75312630c.htm" />
  <HelpKINode Title="YearOfBuilt property" Url="html/87d05300-6a78-31c4-f112-ae4862a42aca.htm" />
  <HelpKINode Title="директива enumeration member" Url="html/98f1872c-0b97-1879-422f-7848bfb668b0.htm" />
  <HelpKINode Title="закон enumeration member" Url="html/98f1872c-0b97-1879-422f-7848bfb668b0.htm" />
  <HelpKINode Title="наредба enumeration member" Url="html/98f1872c-0b97-1879-422f-7848bfb668b0.htm" />
  <HelpKINode Title="правилник enumeration member" Url="html/98f1872c-0b97-1879-422f-7848bfb668b0.htm" />
  <HelpKINode Title="регламент enumeration member" Url="html/98f1872c-0b97-1879-422f-7848bfb668b0.htm" />
</HelpKI>
